FirstName,LastName,Contact,Email,Password
vcxc,vxcv,4565645645,someone@gmail.com,123
some,one,123456478,someoe@gmail.com,123
y,g,123456789,yg@gmail.com,yg
yolo,yolo,123456,yolo@gmail.com,yolo
dd,dd,1234567898,dd@gmail.com,1234
dd,dd,1234567892,de@gmail.com,123
rr,rr,1234567891,rr@gmail.com,1234
ff,ff,1234567892,ff@gmail.com,12345
gg,gg,1234567912,gg@gmail.com,1234
vv,vv,1234567891,vv@gmail.com,123
bb,bb,1234567891,bb@gmail.com,123
bb,bb,1234567892,bc@gmail.com,1
nb,nb,1234567891,nb@gmail.com,1
zz,zz,1234567895,zz@gmail.com,123
kk,kk,1234567892,kk@gmail.com,1
q,q,1234567895,q@gmail.com,1
zee,zee,1234567896,zee@gmail.com,1
someone,one,9082778154,sometwo@gmail.com,some
one,two,9082778154,onetwo@gmail.com,1
i,i,9082778154,i@gmail.com,1
sd,sd,9082778154,sd@gmail.com,1
Pankaj,Gupta,9082778154,itsmeguptapankaj@gmail.com,1
Pankaj,Gupta,9082778154,itsmegupta@gmail.com,1
ee,ee,9082778154,ee@gmail.com,ee
someu,u,9082778154,someu@gmail.com,1
yy,yy,9082778154,yy@gmail.com,1

